initialMoisture,targetMoisture,moistureDeficit,pumpRuntimeSeconds,finalMoisture,moistureIncrease,soilCondition,ambientTemp,humidity,recentMoistureChange,previousPumpRuntime,pumpId,source,timestamp
37.0,80.0,43.0,2.68,80.2,43.2,dry,31.2,40.5,-0.1,1.45,PUMP_2,DEMO DATA,2026-08-25T19:23:55.505574Z
26.7,80.0,53.3,3.32,77.1,50.4,compact,27.7,53.4,-0.4,1.99,PUMP_2,DEMO DATA,2026-08-25T22:01:55.505574Z
22.9,80.0,57.1,3.1,82.3,59.4,moderate,33.4,42.0,-0.19,1.87,PUMP_2,DEMO DATA,2026-08-26T00:18:55.505574Z
26.8,80.0,53.2,3.08,78.7,51.9,dry,24.8,68.2,-0.34,2.91,PUMP_2,DEMO DATA,2026-08-26T03:17:55.505574Z
31.9,75.0,43.1,2.95,72.1,40.2,sandy,34.9,44.1,-0.09,3.47,PUMP_2,DEMO DATA,2026-08-26T05:03:55.505574Z
43.9,80.0,36.1,2.76,81.0,37.1,sandy,35.6,62.1,-0.27,1.62,PUMP_2,DEMO DATA,2026-08-26T07:49:55.505574Z
17.2,85.0,67.8,3.8,81.8,64.6,dry,28.3,44.8,-0.23,2.15,PUMP_2,DEMO DATA,2026-08-26T09:47:55.505574Z
40.9,80.0,39.1,2.44,78.6,37.7,dry,33.3,37.6,-0.2,2.39,PUMP_2,DEMO DATA,2026-08-26T12:23:55.505574Z
27.2,80.0,52.8,2.97,81.1,53.9,moderate,27.9,60.5,-0.21,1.18,PUMP_2,DEMO DATA,2026-08-26T15:06:55.505574Z
31.2,80.0,48.8,3.41,82.2,51.0,sandy,33.1,54.6,-0.64,2.29,PUMP_2,DEMO DATA,2026-08-26T16:59:55.505574Z
32.9,80.0,47.1,3.27,78.9,46.0,sandy,30.1,66.8,-0.47,1.33,PUMP_2,DEMO DATA,2026-08-26T19:34:55.505574Z
39.4,75.0,35.6,2.62,76.3,36.9,sandy,27.5,40.6,-0.33,2.11,PUMP_2,DEMO DATA,2026-08-26T22:12:55.505574Z
33.0,85.0,52.0,3.15,85.9,52.9,moderate,34.8,46.1,-0.31,2.56,PUMP_2,DEMO DATA,2026-08-27T00:38:55.505574Z
29.1,85.0,55.9,3.67,82.6,53.5,sandy,24.1,52.9,-0.3,1.32,PUMP_2,DEMO DATA,2026-08-27T02:51:55.505574Z
30.4,80.0,49.6,3.05,80.5,50.1,dry,32.4,47.7,-0.5,1.16,PUMP_2,DEMO DATA,2026-08-27T05:46:55.505574Z
22.1,75.0,52.9,2.93,75.2,53.1,moderate,31.3,52.6,-0.26,1.1,PUMP_2,DEMO DATA,2026-08-27T08:06:55.505574Z
43.4,80.0,36.6,2.21,82.7,39.3,loose,32.7,47.9,-0.04,1.27,PUMP_2,DEMO DATA,2026-08-27T10:07:55.505574Z
32.8,85.0,52.2,3.49,84.4,51.6,compact,27.8,41.5,-0.48,1.84,PUMP_2,DEMO DATA,2026-08-27T12:19:55.505574Z
21.4,80.0,58.6,3.27,80.0,58.6,moderate,28.6,67.8,-0.38,1.59,PUMP_2,DEMO DATA,2026-08-27T15:22:55.505574Z
37.6,80.0,42.4,2.81,78.4,40.8,compact,33.8,54.4,-0.21,2.27,PUMP_2,DEMO DATA,2026-08-27T17:04:55.505574Z
19.6,80.0,60.4,3.42,79.2,59.6,dry,34.8,66.0,-0.07,1.94,PUMP_2,DEMO DATA,2026-08-27T19:46:55.505574Z
40.5,75.0,34.5,2.31,77.9,37.4,dry,25.2,58.2,-0.43,2.19,PUMP_2,DEMO DATA,2026-08-27T22:08:55.505574Z
22.3,80.0,57.7,3.78,81.7,59.4,compact,33.0,57.7,-0.11,1.28,PUMP_2,DEMO DATA,2026-08-28T00:48:55.505574Z
33.5,80.0,46.5,3.1,80.4,46.9,compact,27.2,43.5,-0.21,2.3,PUMP_2,DEMO DATA,2026-08-28T03:25:55.505574Z
32.1,80.0,47.9,3.04,80.5,48.4,dry,29.9,41.8,-0.1,1.83,PUMP_2,DEMO DATA,2026-08-28T05:44:55.505574Z
30.6,80.0,49.4,2.73,80.8,50.2,loose,35.3,68.4,-0.18,1.76,PUMP_2,DEMO DATA,2026-08-28T07:56:55.505574Z
23.5,85.0,61.5,3.47,84.2,60.7,dry,27.8,40.9,-0.24,2.18,PUMP_2,DEMO DATA,2026-08-28T10:45:55.505574Z
49.6,75.0,25.4,1.53,74.1,24.5,loose,31.4,69.7,-0.2,2.14,PUMP_2,DEMO DATA,2026-08-28T12:15:55.505574Z
42.8,80.0,37.2,2.79,81.4,38.6,sandy,27.5,63.3,-0.21,1.81,PUMP_2,DEMO DATA,2026-08-28T14:52:55.505574Z
40.7,80.0,39.3,2.95,81.8,41.1,sandy,33.6,57.7,-0.3,2.26,PUMP_2,DEMO DATA,2026-08-28T17:54:55.505574Z
24.3,80.0,55.7,3.52,76.7,52.4,compact,24.4,51.3,-0.2,1.55,PUMP_2,DEMO DATA,2026-08-28T19:58:55.505574Z
32.8,75.0,42.2,2.49,73.7,40.9,moderate,33.9,47.6,-0.36,2.21,PUMP_2,DEMO DATA,2026-08-28T22:31:55.505574Z
24.7,75.0,50.3,2.99,77.4,52.7,dry,30.4,53.9,-0.13,1.81,PUMP_2,DEMO DATA,2026-08-29T00:12:55.505574Z
36.4,80.0,43.6,2.54,78.7,42.3,moderate,33.5,44.5,-0.17,2.32,PUMP_2,DEMO DATA,2026-08-29T03:23:55.505574Z
20.0,80.0,60.0,3.74,81.2,61.2,compact,27.0,54.2,-0.06,2.03,PUMP_2,DEMO DATA,2026-08-29T05:03:55.505574Z
48.5,80.0,31.5,2.08,81.0,32.5,moderate,29.0,43.7,-0.18,2.26,PUMP_2,DEMO DATA,2026-08-29T08:17:55.505574Z
22.7,80.0,57.3,3.34,76.4,53.7,dry,29.7,41.1,-0.45,2.73,PUMP_2,DEMO DATA,2026-08-29T10:10:55.505574Z
45.2,75.0,29.8,2.2,76.3,31.1,compact,28.5,56.9,-0.4,2.08,PUMP_2,DEMO DATA,2026-08-29T12:39:55.505574Z
34.0,75.0,41.0,2.72,72.0,38.0,compact,31.0,67.9,-0.06,1.43,PUMP_2,DEMO DATA,2026-08-29T14:44:55.505574Z
53.1,80.0,26.9,2.04,79.8,26.7,compact,35.3,48.5,-0.28,1.5,PUMP_2,DEMO DATA,2026-08-29T17:20:55.505574Z
26.1,75.0,48.9,2.85,76.7,50.6,moderate,32.4,57.0,-0.16,1.42,PUMP_2,DEMO DATA,2026-08-29T20:04:55.505574Z
40.8,80.0,39.2,2.75,80.2,39.4,compact,33.0,63.2,-0.06,1.45,PUMP_2,DEMO DATA,2026-08-29T22:30:55.505574Z
37.5,85.0,47.5,2.95,84.2,46.7,dry,29.1,61.3,-0.21,1.81,PUMP_2,DEMO DATA,2026-08-30T00:48:55.505574Z
41.3,85.0,43.7,2.66,85.2,43.9,moderate,27.8,66.3,-0.24,2.16,PUMP_2,DEMO DATA,2026-08-30T03:08:55.505574Z
23.8,80.0,56.2,3.3,84.5,60.7,moderate,27.9,58.5,-0.15,1.38,PUMP_2,DEMO DATA,2026-08-30T05:08:55.505574Z
31.9,80.0,48.1,2.58,78.3,46.4,loose,29.3,66.1,-0.19,1.46,PUMP_2,DEMO DATA,2026-08-30T07:46:55.505574Z
23.8,75.0,51.2,3.33,76.1,52.3,compact,32.4,37.5,-0.12,2.49,PUMP_2,DEMO DATA,2026-08-30T10:45:55.505574Z
27.2,85.0,57.8,3.94,83.8,56.6,sandy,35.8,61.4,-0.2,2.69,PUMP_2,DEMO DATA,2026-08-30T12:24:55.505574Z
40.6,75.0,34.4,2.38,74.1,33.5,compact,29.9,35.4,-0.26,2.56,PUMP_2,DEMO DATA,2026-08-30T15:27:55.505574Z
39.7,80.0,40.3,2.64,80.4,40.7,dry,35.5,48.1,-0.22,1.81,PUMP_2,DEMO DATA,2026-08-30T17:12:55.505574Z
33.0,90.0,57.0,3.43,88.2,55.2,dry,30.3,57.0,0.03,2.52,PUMP_2,DEMO DATA,2026-08-30T20:13:55.505574Z
50.2,85.0,34.8,2.68,86.6,36.4,compact,24.5,44.8,-0.38,1.44,PUMP_2,DEMO DATA,2026-08-30T22:11:55.505574Z
10.8,80.0,69.2,4.12,75.4,64.6,compact,24.9,69.1,-0.2,2.14,PUMP_2,DEMO DATA,2026-08-31T00:14:55.505574Z
41.7,80.0,38.3,2.25,80.3,38.6,moderate,34.9,63.8,-0.07,1.52,PUMP_2,DEMO DATA,2026-08-31T03:32:55.505574Z
14.9,90.0,75.1,5.01,86.0,71.1,sandy,34.1,64.3,-0.39,1.73,PUMP_2,DEMO DATA,2026-08-31T05:54:55.505574Z
31.4,85.0,53.6,3.6,85.0,53.6,compact,33.8,70.0,-0.32,2.17,PUMP_2,DEMO DATA,2026-08-31T07:35:55.505574Z
21.3,90.0,68.7,3.61,91.9,70.6,loose,31.3,43.0,-0.02,1.3,PUMP_2,DEMO DATA,2026-08-31T10:11:55.505574Z
29.0,80.0,51.0,2.87,81.8,52.8,loose,30.2,62.0,0.06,2.85,PUMP_2,DEMO DATA,2026-08-31T12:19:55.505574Z
29.5,75.0,45.5,3.04,78.3,48.8,compact,24.3,61.4,-0.12,1.54,PUMP_2,DEMO DATA,2026-08-31T14:42:55.505574Z
28.6,75.0,46.4,2.55,70.7,42.1,moderate,28.2,55.6,-0.29,2.23,PUMP_2,DEMO DATA,2026-08-31T17:45:55.505574Z
47.0,80.0,33.0,2.48,80.0,33.0,sandy,31.5,65.2,-0.13,1.63,PUMP_2,DEMO DATA,2026-08-31T19:56:55.505574Z
15.4,90.0,74.6,4.52,89.7,74.3,compact,29.9,46.5,-0.2,1.24,PUMP_2,DEMO DATA,2026-08-31T22:33:55.505574Z
26.9,85.0,58.1,3.87,83.0,56.1,sandy,29.7,58.4,-0.32,1.31,PUMP_2,DEMO DATA,2026-09-01T00:37:55.505574Z
26.4,75.0,48.6,3.22,72.6,46.2,sandy,25.4,51.1,0.04,1.82,PUMP_2,DEMO DATA,2026-09-01T02:59:55.505574Z
25.0,85.0,60.0,3.95,86.8,61.8,compact,35.1,37.1,-0.34,1.36,PUMP_2,DEMO DATA,2026-09-01T05:12:55.505574Z
37.8,80.0,42.2,2.39,79.7,41.9,moderate,28.4,52.0,-0.0,1.65,PUMP_2,DEMO DATA,2026-09-01T07:54:55.505574Z
37.8,80.0,42.2,2.42,82.4,44.6,loose,30.4,38.8,-0.62,1.31,PUMP_2,DEMO DATA,2026-09-01T09:51:55.505574Z
23.0,80.0,57.0,3.24,77.3,54.3,dry,24.2,46.3,0.0,2.33,PUMP_2,DEMO DATA,2026-09-01T13:05:55.505574Z
31.9,75.0,43.1,2.75,76.4,44.5,dry,30.4,55.5,-0.01,1.57,PUMP_2,DEMO DATA,2026-09-01T14:43:55.505574Z
25.3,80.0,54.7,2.98,78.8,53.5,moderate,31.8,55.0,-0.35,1.51,PUMP_2,DEMO DATA,2026-09-01T17:48:55.505574Z
26.1,80.0,53.9,2.86,74.8,48.7,loose,34.8,37.8,-0.15,2.03,PUMP_2,DEMO DATA,2026-09-01T20:00:55.505574Z
31.2,85.0,53.8,3.34,84.1,52.9,dry,33.8,44.0,-0.24,2.25,PUMP_2,DEMO DATA,2026-09-01T22:10:55.505574Z
15.3,80.0,64.7,3.33,81.5,66.2,loose,26.2,46.3,-0.66,1.52,PUMP_2,DEMO DATA,2026-09-02T00:48:55.505574Z
28.9,80.0,51.1,2.76,78.1,49.2,loose,27.5,55.3,-0.35,1.83,PUMP_2,DEMO DATA,2026-09-02T03:07:55.505574Z
23.4,75.0,51.6,3.33,73.5,50.1,compact,35.9,46.3,-0.14,2.46,PUMP_2,DEMO DATA,2026-09-02T05:33:55.505574Z
39.7,80.0,40.3,2.59,80.5,40.8,dry,29.7,49.4,-0.19,1.44,PUMP_2,DEMO DATA,2026-09-02T08:05:55.505574Z
32.9,80.0,47.1,2.9,78.9,46.0,dry,34.1,39.9,-0.16,1.61,PUMP_2,DEMO DATA,2026-09-02T10:29:55.505574Z
28.8,85.0,56.2,3.95,85.5,56.7,sandy,32.0,53.3,-0.07,1.56,PUMP_2,DEMO DATA,2026-09-02T12:58:55.505574Z
11.6,80.0,68.4,4.07,75.5,63.9,compact,27.6,61.2,-0.25,1.66,PUMP_2,DEMO DATA,2026-09-02T15:23:55.505574Z
40.2,80.0,39.8,2.68,79.7,39.5,compact,34.9,56.8,-0.2,1.55,PUMP_2,DEMO DATA,2026-09-02T17:05:55.505574Z
38.3,85.0,46.7,3.42,86.0,47.7,compact,33.5,40.3,-0.37,2.71,PUMP_2,DEMO DATA,2026-09-02T19:49:55.505574Z
36.0,85.0,49.0,2.86,83.2,47.2,moderate,28.1,63.7,-0.32,2.03,PUMP_2,DEMO DATA,2026-09-02T22:15:55.505574Z
39.6,80.0,40.4,2.49,76.9,37.3,dry,31.7,59.3,-0.21,1.16,PUMP_2,DEMO DATA,2026-09-03T00:56:55.505574Z
26.9,85.0,58.1,3.85,85.7,58.8,compact,31.0,49.0,-0.21,1.12,PUMP_2,DEMO DATA,2026-09-03T03:06:55.505574Z
56.5,75.0,18.5,1.23,76.1,19.6,moderate,34.5,67.6,-0.16,1.93,PUMP_2,DEMO DATA,2026-09-03T05:30:55.505574Z
36.4,80.0,43.6,2.85,81.4,45.0,dry,30.9,56.2,-0.4,1.72,PUMP_2,DEMO DATA,2026-09-03T08:17:55.505574Z
32.6,80.0,47.4,3.25,82.8,50.2,compact,28.8,36.9,-0.34,2.31,PUMP_2,DEMO DATA,2026-09-03T10:39:55.505574Z
10.0,85.0,75.0,4.7,88.3,78.3,sandy,28.2,47.1,-0.29,0.9,PUMP_2,DEMO DATA,2026-09-03T12:48:55.505574Z
29.5,80.0,50.5,2.87,81.2,51.7,moderate,29.0,67.0,-0.53,1.19,PUMP_2,DEMO DATA,2026-09-03T14:43:55.505574Z
37.2,90.0,52.8,3.78,93.1,55.9,compact,25.8,49.5,-0.25,1.79,PUMP_2,DEMO DATA,2026-09-03T17:46:55.505574Z
34.0,80.0,46.0,2.66,83.3,49.3,moderate,26.3,36.3,-0.42,2.63,PUMP_2,DEMO DATA,2026-09-03T19:56:55.505574Z
10.0,80.0,70.0,4.39,78.8,68.8,sandy,28.8,54.6,-0.46,1.33,PUMP_2,DEMO DATA,2026-09-03T22:44:55.505574Z
20.9,75.0,54.1,3.25,77.4,56.5,dry,25.9,60.1,-0.25,1.38,PUMP_2,DEMO DATA,2026-09-04T00:48:55.505574Z
24.7,80.0,55.3,3.48,80.2,55.5,compact,24.2,38.6,-0.43,2.23,PUMP_2,DEMO DATA,2026-09-04T03:05:55.505574Z
29.6,80.0,50.4,3.04,81.9,52.3,dry,34.3,64.1,-0.4,1.41,PUMP_2,DEMO DATA,2026-09-04T05:05:55.505574Z
22.6,85.0,62.4,3.96,83.0,60.4,compact,24.2,38.0,-0.11,1.69,PUMP_2,DEMO DATA,2026-09-04T08:18:55.505574Z
26.8,80.0,53.2,3.54,82.5,55.7,compact,28.6,55.7,-0.46,2.55,PUMP_2,DEMO DATA,2026-09-04T10:01:55.505574Z
10.3,80.0,69.7,3.8,80.1,69.8,dry,27.5,68.2,-0.26,2.46,PUMP_2,DEMO DATA,2026-09-04T12:25:55.505574Z
33.1,80.0,46.9,3.25,83.2,50.1,sandy,24.3,44.4,-0.15,1.43,PUMP_2,DEMO DATA,2026-09-04T14:39:55.505574Z
27.8,85.0,57.2,3.43,83.0,55.2,dry,35.8,53.4,-0.22,1.21,PUMP_2,DEMO DATA,2026-09-04T17:44:55.505574Z
36.1,80.0,43.9,2.36,79.7,43.6,loose,34.0,42.2,-0.01,1.2,PUMP_2,DEMO DATA,2026-09-04T20:14:55.505574Z
37.1,85.0,47.9,2.93,84.2,47.1,dry,29.0,48.4,-0.17,1.36,PUMP_2,DEMO DATA,2026-09-04T22:34:55.505574Z
33.9,80.0,46.1,3.17,81.0,47.1,sandy,28.7,45.1,-0.38,2.14,PUMP_2,DEMO DATA,2026-09-05T00:59:55.505574Z
14.5,80.0,65.5,3.47,80.1,65.6,moderate,32.0,67.8,-0.34,1.87,PUMP_2,DEMO DATA,2026-09-05T02:42:55.505574Z
57.6,80.0,22.4,1.4,79.9,22.3,loose,33.3,38.7,-0.3,2.99,PUMP_2,DEMO DATA,2026-09-05T05:33:55.505574Z
31.5,80.0,48.5,2.84,82.3,50.8,moderate,27.0,63.7,-0.16,0.86,PUMP_2,DEMO DATA,2026-09-05T07:38:55.505574Z
24.7,85.0,60.3,4.0,82.3,57.6,sandy,25.6,68.3,-0.28,2.44,PUMP_2,DEMO DATA,2026-09-05T10:41:55.505574Z
33.2,80.0,46.8,3.38,81.6,48.4,sandy,33.7,58.1,-0.26,0.8,PUMP_2,DEMO DATA,2026-09-05T12:37:55.505574Z
36.3,80.0,43.7,2.61,80.9,44.6,moderate,30.8,67.0,-0.28,2.48,PUMP_2,DEMO DATA,2026-09-05T15:33:55.505574Z
31.2,85.0,53.8,3.72,84.3,53.1,sandy,27.8,64.0,-0.32,1.61,PUMP_2,DEMO DATA,2026-09-05T17:46:55.505574Z
34.2,80.0,45.8,2.67,80.0,45.8,moderate,32.7,37.3,-0.54,1.41,PUMP_2,DEMO DATA,2026-09-05T20:07:55.505574Z
42.4,80.0,37.6,2.67,81.2,38.8,compact,34.6,56.6,-0.33,2.65,PUMP_2,DEMO DATA,2026-09-05T22:11:55.505574Z
55.0,85.0,30.0,2.24,83.1,28.1,compact,35.8,61.9,-0.51,1.28,PUMP_2,DEMO DATA,2026-09-06T00:38:55.505574Z
39.9,75.0,35.1,2.45,73.1,33.2,sandy,28.3,45.1,-0.26,1.94,PUMP_2,DEMO DATA,2026-09-06T03:02:55.505574Z
47.5,80.0,32.5,2.08,78.6,31.1,dry,35.4,62.5,-0.37,3.19,PUMP_2,DEMO DATA,2026-09-06T05:13:55.505574Z
25.4,80.0,54.6,3.14,81.1,55.7,moderate,35.9,43.1,-0.21,3.27,PUMP_2,DEMO DATA,2026-09-06T07:26:55.505574Z
25.6,80.0,54.4,3.45,78.5,52.9,compact,26.2,62.3,-0.28,1.58,PUMP_2,DEMO DATA,2026-09-06T09:47:55.505574Z
20.3,80.0,59.7,3.93,80.5,60.2,sandy,32.4,40.4,-0.22,0.89,PUMP_2,DEMO DATA,2026-09-06T12:45:55.505574Z
47.5,75.0,27.5,1.88,77.7,30.2,moderate,34.5,44.3,-0.09,1.29,PUMP_2,DEMO DATA,2026-09-06T15:11:55.505574Z
33.0,80.0,47.0,2.73,82.5,49.5,moderate,28.5,44.1,-0.33,1.93,PUMP_2,DEMO DATA,2026-09-06T16:58:55.505574Z
31.8,80.0,48.2,3.04,83.5,51.7,dry,31.1,63.9,-0.42,0.82,PUMP_2,DEMO DATA,2026-09-06T20:07:55.505574Z
36.6,85.0,48.4,3.11,86.8,50.2,dry,33.6,58.0,-0.09,2.5,PUMP_2,DEMO DATA,2026-09-06T22:00:55.505574Z
45.8,80.0,34.2,2.3,80.3,34.5,dry,34.6,65.5,-0.38,1.39,PUMP_2,DEMO DATA,2026-09-07T01:07:55.505574Z
36.9,85.0,48.1,3.05,85.4,48.5,dry,34.0,52.8,-0.45,2.25,PUMP_2,DEMO DATA,2026-09-07T03:29:55.505574Z
38.5,80.0,41.5,3.0,83.3,44.8,compact,25.3,61.6,-0.24,2.53,PUMP_2,DEMO DATA,2026-09-07T05:02:55.505574Z
17.6,85.0,67.4,4.32,84.9,67.3,sandy,25.2,67.8,-0.09,1.18,PUMP_2,DEMO DATA,2026-09-07T07:37:55.505574Z
33.3,80.0,46.7,3.09,79.6,46.3,compact,31.5,36.6,-0.33,1.72,PUMP_2,DEMO DATA,2026-09-07T10:28:55.505574Z
11.6,80.0,68.4,3.35,73.3,61.7,loose,32.2,50.6,-0.18,1.5,PUMP_2,DEMO DATA,2026-09-07T12:23:55.505574Z
21.8,75.0,53.2,3.62,75.5,53.7,sandy,32.2,57.9,-0.42,1.73,PUMP_2,DEMO DATA,2026-09-07T14:42:55.505574Z
38.3,80.0,41.7,2.98,80.3,42.0,sandy,28.8,44.6,-0.29,2.01,PUMP_2,DEMO DATA,2026-09-07T17:34:55.505574Z
19.5,85.0,65.5,3.53,87.8,68.3,loose,29.7,68.9,-0.28,2.22,PUMP_2,DEMO DATA,2026-09-07T19:37:55.505574Z
39.2,85.0,45.8,2.65,86.3,47.1,loose,33.1,56.9,-0.26,2.66,PUMP_2,DEMO DATA,2026-09-07T22:37:55.505574Z
25.2,80.0,54.8,3.07,79.9,54.7,loose,29.9,37.2,-0.17,1.42,PUMP_2,DEMO DATA,2026-09-08T00:22:55.505574Z
42.0,80.0,38.0,2.36,76.8,34.8,dry,24.1,37.5,-0.49,2.26,PUMP_2,DEMO DATA,2026-09-08T02:40:55.505574Z
39.9,80.0,40.1,2.3,80.3,40.4,loose,24.5,51.8,-0.31,3.24,PUMP_2,DEMO DATA,2026-09-08T05:20:55.505574Z
31.8,80.0,48.2,2.68,77.4,45.6,loose,30.7,35.3,-0.29,1.39,PUMP_2,DEMO DATA,2026-09-08T07:48:55.505574Z
22.0,80.0,58.0,3.05,78.6,56.6,loose,32.3,63.0,-0.32,1.97,PUMP_2,DEMO DATA,2026-09-08T10:41:55.505574Z
24.0,80.0,56.0,3.25,79.0,55.0,dry,24.4,67.8,-0.15,2.04,PUMP_2,DEMO DATA,2026-09-08T12:53:55.505574Z
41.0,80.0,39.0,2.56,81.0,40.0,dry,33.8,37.8,-0.11,1.68,PUMP_2,DEMO DATA,2026-09-08T14:37:55.505574Z
45.2,80.0,34.8,1.99,78.6,33.4,loose,30.3,60.6,-0.3,2.05,PUMP_2,DEMO DATA,2026-09-08T17:44:55.505574Z
37.2,80.0,42.8,2.88,78.1,40.9,compact,30.0,54.4,-0.14,1.12,PUMP_2,DEMO DATA,2026-09-08T20:13:55.505574Z
37.6,80.0,42.4,2.6,77.6,40.0,dry,24.9,36.1,-0.19,2.19,PUMP_2,DEMO DATA,2026-09-08T22:01:55.505574Z
27.2,80.0,52.8,3.11,79.6,52.4,moderate,28.5,69.6,0.05,1.74,PUMP_2,DEMO DATA,2026-09-09T00:22:55.505574Z
49.8,85.0,35.2,2.76,84.0,34.2,sandy,34.8,49.8,-0.03,2.63,PUMP_2,DEMO DATA,2026-09-09T03:02:55.505574Z
25.7,80.0,54.3,3.13,81.0,55.3,moderate,34.9,41.3,-0.29,0.81,PUMP_2,DEMO DATA,2026-09-09T05:25:55.505574Z
31.5,85.0,53.5,3.19,83.8,52.3,moderate,29.3,53.0,-0.3,1.13,PUMP_2,DEMO DATA,2026-09-09T07:39:55.505574Z
19.1,80.0,60.9,3.23,78.9,59.8,loose,25.6,68.9,-0.29,0.54,PUMP_2,DEMO DATA,2026-09-09T10:01:55.505574Z
34.5,85.0,50.5,3.23,88.3,53.8,dry,29.2,43.7,-0.3,1.59,PUMP_2,DEMO DATA,2026-09-09T12:38:55.505574Z
28.8,85.0,56.2,4.06,86.8,58.0,sandy,33.7,55.5,-0.19,1.6,PUMP_2,DEMO DATA,2026-09-09T14:40:55.505574Z
26.5,75.0,48.5,2.95,75.9,49.4,dry,30.4,67.8,-0.24,0.6,PUMP_2,DEMO DATA,2026-09-09T17:39:55.505574Z
41.2,80.0,38.8,2.85,79.3,38.1,sandy,30.2,52.1,-0.19,1.24,PUMP_2,DEMO DATA,2026-09-09T20:15:55.505574Z
38.4,80.0,41.6,2.6,81.5,43.1,dry,35.6,38.3,-0.28,1.93,PUMP_2,DEMO DATA,2026-09-09T21:51:55.505574Z
40.7,85.0,44.3,2.73,86.9,46.2,moderate,32.2,52.4,-0.2,1.53,PUMP_2,DEMO DATA,2026-09-10T00:20:55.505574Z
32.7,85.0,52.3,2.96,84.1,51.4,loose,32.3,58.7,-0.0,1.11,PUMP_2,DEMO DATA,2026-09-10T03:05:55.505574Z
35.0,90.0,55.0,2.97,90.4,55.4,loose,24.6,69.2,-0.29,2.0,PUMP_2,DEMO DATA,2026-09-10T05:11:55.505574Z
46.4,80.0,33.6,2.1,80.3,33.9,loose,34.5,49.1,-0.16,2.22,PUMP_2,DEMO DATA,2026-09-10T08:19:55.505574Z
29.0,85.0,56.0,3.44,84.6,55.6,dry,25.4,54.1,-0.5,1.27,PUMP_2,DEMO DATA,2026-09-10T09:56:55.505574Z
47.5,80.0,32.5,2.05,83.3,35.8,loose,26.9,48.1,-0.35,3.15,PUMP_2,DEMO DATA,2026-09-10T12:10:55.505574Z
41.8,80.0,38.2,2.18,78.3,36.5,loose,29.8,35.9,-0.48,2.67,PUMP_2,DEMO DATA,2026-09-10T14:50:55.505574Z
13.8,80.0,66.2,3.43,82.7,68.9,loose,31.3,61.8,-0.14,1.97,PUMP_2,DEMO DATA,2026-09-10T17:16:55.505574Z
33.0,75.0,42.0,2.35,74.8,41.8,loose,35.2,47.3,-0.39,1.28,PUMP_2,DEMO DATA,2026-09-10T20:06:55.505574Z
22.2,80.0,57.8,3.96,78.3,56.1,sandy,33.6,53.9,-0.4,2.36,PUMP_2,DEMO DATA,2026-09-10T22:28:55.505574Z
22.2,80.0,57.8,3.05,82.8,60.6,loose,32.2,41.4,-0.22,1.9,PUMP_2,DEMO DATA,2026-09-11T00:19:55.505574Z
22.6,80.0,57.4,3.26,82.7,60.1,moderate,35.6,51.9,-0.23,1.54,PUMP_2,DEMO DATA,2026-09-11T02:52:55.505574Z
33.2,85.0,51.8,3.1,86.5,53.3,moderate,34.6,43.0,-0.44,2.49,PUMP_2,DEMO DATA,2026-09-11T05:01:55.505574Z
29.0,85.0,56.0,3.77,85.6,56.6,sandy,28.2,43.3,-0.29,2.55,PUMP_2,DEMO DATA,2026-09-11T08:09:55.505574Z
25.3,80.0,54.7,3.71,81.1,55.8,sandy,29.4,55.5,-0.36,1.59,PUMP_2,DEMO DATA,2026-09-11T09:49:55.505574Z
36.5,75.0,38.5,2.66,78.7,42.2,compact,24.3,57.5,-0.33,0.98,PUMP_2,DEMO DATA,2026-09-11T12:13:55.505574Z
31.1,90.0,58.9,3.74,90.7,59.6,dry,25.6,59.3,-0.54,2.39,PUMP_2,DEMO DATA,2026-09-11T15:11:55.505574Z
43.0,90.0,47.0,2.75,93.2,50.2,loose,25.5,38.6,-0.31,1.68,PUMP_2,DEMO DATA,2026-09-11T17:30:55.505574Z
26.2,80.0,53.8,3.55,77.5,51.3,sandy,28.3,37.4,-0.24,1.43,PUMP_2,DEMO DATA,2026-09-11T19:32:55.505574Z
39.0,80.0,41.0,2.45,77.9,38.9,dry,34.6,57.8,-0.07,1.07,PUMP_2,DEMO DATA,2026-09-11T22:18:55.505574Z
48.7,80.0,31.3,2.07,79.5,30.8,dry,24.7,54.7,-0.16,1.25,PUMP_2,DEMO DATA,2026-09-12T01:04:55.505574Z
32.8,80.0,47.2,2.86,82.4,49.6,moderate,33.1,47.2,-0.41,1.61,PUMP_2,DEMO DATA,2026-09-12T02:38:55.505574Z
44.1,80.0,35.9,2.67,79.6,35.5,sandy,31.5,38.1,-0.2,2.1,PUMP_2,DEMO DATA,2026-09-12T05:02:55.505574Z
37.8,80.0,42.2,2.42,77.3,39.5,moderate,24.4,45.6,-0.53,2.1,PUMP_2,DEMO DATA,2026-09-12T07:47:55.505574Z
21.0,80.0,59.0,3.25,77.4,56.4,dry,30.2,67.2,-0.25,1.57,PUMP_2,DEMO DATA,2026-09-12T10:42:55.505574Z
36.6,85.0,48.4,3.48,85.6,49.0,sandy,25.4,63.6,-0.21,1.99,PUMP_2,DEMO DATA,2026-09-12T12:25:55.505574Z
25.3,75.0,49.7,3.43,74.6,49.3,sandy,28.8,41.1,-0.05,1.83,PUMP_2,DEMO DATA,2026-09-12T15:12:55.505574Z
33.7,85.0,51.3,3.12,86.3,52.6,dry,25.6,65.2,-0.04,2.13,PUMP_2,DEMO DATA,2026-09-12T17:37:55.505574Z
32.1,80.0,47.9,2.79,79.0,46.9,dry,25.8,47.9,-0.24,0.72,PUMP_2,DEMO DATA,2026-09-12T19:48:55.505574Z
25.5,80.0,54.5,3.58,79.5,54.0,sandy,29.3,38.7,-0.02,2.53,PUMP_2,DEMO DATA,2026-09-12T22:22:55.505574Z
29.9,75.0,45.1,3.28,75.9,46.0,sandy,35.9,37.0,-0.31,1.58,PUMP_2,DEMO DATA,2026-09-13T00:30:55.505574Z
24.9,75.0,50.1,3.27,75.2,50.3,compact,32.3,37.2,-0.18,2.51,PUMP_2,DEMO DATA,2026-09-13T02:47:55.505574Z
41.5,80.0,38.5,2.56,78.1,36.6,compact,29.1,39.6,-0.1,1.5,PUMP_2,DEMO DATA,2026-09-13T05:13:55.505574Z
20.3,80.0,59.7,3.78,74.8,54.5,compact,33.9,60.7,-0.33,2.04,PUMP_2,DEMO DATA,2026-09-13T07:47:55.505574Z
17.2,75.0,57.8,3.13,73.5,56.3,moderate,26.9,69.2,-0.25,0.62,PUMP_2,DEMO DATA,2026-09-13T10:28:55.505574Z
52.6,85.0,32.4,2.33,83.7,31.1,compact,25.2,52.1,-0.28,2.83,PUMP_2,DEMO DATA,2026-09-13T12:39:55.505574Z
18.3,80.0,61.7,3.78,80.0,61.7,compact,33.4,66.2,-0.42,0.84,PUMP_2,DEMO DATA,2026-09-13T15:33:55.505574Z
27.9,85.0,57.1,3.54,86.8,58.9,dry,24.5,66.6,-0.14,1.98,PUMP_2,DEMO DATA,2026-09-13T16:58:55.505574Z
45.0,75.0,30.0,1.89,77.3,32.3,loose,30.2,40.3,0.01,1.66,PUMP_2,DEMO DATA,2026-09-13T20:01:55.505574Z
32.9,75.0,42.1,2.86,72.3,39.4,sandy,32.6,37.5,-0.07,1.41,PUMP_2,DEMO DATA,2026-09-13T21:52:55.505574Z
21.5,80.0,58.5,3.4,79.3,57.8,dry,25.2,58.1,-0.12,2.16,PUMP_2,DEMO DATA,2026-09-14T00:44:55.505574Z
45.1,80.0,34.9,2.24,82.3,37.2,moderate,26.5,39.2,-0.18,3.1,PUMP_2,DEMO DATA,2026-09-14T03:06:55.505574Z
25.6,90.0,64.4,4.26,92.5,66.9,compact,31.2,55.4,-0.16,1.29,PUMP_2,DEMO DATA,2026-09-14T05:06:55.505574Z
35.6,80.0,44.4,2.97,76.2,40.6,compact,35.1,42.9,0.06,1.14,PUMP_2,DEMO DATA,2026-09-14T08:18:55.505574Z
29.8,85.0,55.2,3.32,85.1,55.3,dry,31.7,45.0,-0.21,2.3,PUMP_2,DEMO DATA,2026-09-14T10:42:55.505574Z
23.9,80.0,56.1,3.23,83.0,59.1,moderate,34.1,60.5,-0.22,1.02,PUMP_2,DEMO DATA,2026-09-14T12:33:55.505574Z
36.0,85.0,49.0,3.25,84.9,48.9,compact,26.6,52.7,-0.14,3.18,PUMP_2,DEMO DATA,2026-09-14T14:44:55.505574Z
42.8,80.0,37.2,2.21,81.5,38.7,loose,27.6,54.8,-0.06,2.2,PUMP_2,DEMO DATA,2026-09-14T17:51:55.505574Z
30.6,75.0,44.4,2.95,75.2,44.6,sandy,27.0,60.4,-0.31,1.96,PUMP_2,DEMO DATA,2026-09-14T20:07:55.505574Z
18.0,80.0,62.0,4.0,80.4,62.4,compact,31.4,41.6,-0.27,1.81,PUMP_2,DEMO DATA,2026-09-14T22:25:55.505574Z
24.2,90.0,65.8,4.46,89.9,65.7,sandy,28.4,46.4,-0.37,1.31,PUMP_2,DEMO DATA,2026-09-15T00:10:55.505574Z
11.1,80.0,68.9,4.32,74.7,63.6,sandy,34.6,55.8,-0.48,2.56,PUMP_2,DEMO DATA,2026-09-15T02:53:55.505574Z
26.5,80.0,53.5,3.34,86.6,60.1,dry,24.8,55.3,0.03,2.78,PUMP_2,DEMO DATA,2026-09-15T05:54:55.505574Z
41.6,85.0,43.4,2.55,83.9,42.3,moderate,27.2,63.9,-0.28,1.53,PUMP_2,DEMO DATA,2026-09-15T07:38:55.505574Z
39.0,80.0,41.0,2.66,80.7,41.7,dry,30.2,50.4,-0.38,1.29,PUMP_2,DEMO DATA,2026-09-15T10:42:55.505574Z
30.6,80.0,49.4,2.92,81.3,50.7,dry,31.2,60.7,-0.07,2.15,PUMP_2,DEMO DATA,2026-09-15T12:57:55.505574Z
29.7,85.0,55.3,3.72,81.8,52.1,sandy,28.6,55.0,-0.2,0.95,PUMP_2,DEMO DATA,2026-09-15T14:43:55.505574Z
20.3,75.0,54.7,3.43,72.3,52.0,compact,24.3,64.1,-0.2,1.71,PUMP_2,DEMO DATA,2026-09-15T17:16:55.505574Z
27.3,85.0,57.7,3.85,82.8,55.5,sandy,34.1,41.5,-0.04,1.13,PUMP_2,DEMO DATA,2026-09-15T19:35:55.505574Z
31.5,75.0,43.5,3.05,76.3,44.8,compact,32.7,52.4,-0.34,2.08,PUMP_2,DEMO DATA,2026-09-15T21:59:55.505574Z
22.0,80.0,58.0,3.75,78.7,56.7,compact,31.9,68.5,-0.38,2.01,PUMP_2,DEMO DATA,2026-09-16T00:42:55.505574Z
29.8,80.0,50.2,2.84,81.7,51.9,loose,27.3,61.6,-0.25,1.35,PUMP_2,DEMO DATA,2026-09-16T02:50:55.505574Z
10.0,80.0,70.0,3.99,81.7,71.7,dry,34.8,35.8,-0.24,2.22,PUMP_2,DEMO DATA,2026-09-16T05:03:55.505574Z
33.0,75.0,42.0,2.39,74.6,41.6,loose,29.0,44.1,-0.21,0.99,PUMP_2,DEMO DATA,2026-09-16T08:15:55.505574Z
36.7,80.0,43.3,2.94,79.4,42.7,compact,28.2,39.0,-0.33,2.18,PUMP_2,DEMO DATA,2026-09-16T09:48:55.505574Z
27.5,80.0,52.5,3.17,81.6,54.1,dry,30.3,39.0,-0.22,1.58,PUMP_2,DEMO DATA,2026-09-16T12:31:55.505574Z
23.7,80.0,56.3,3.15,79.3,55.6,moderate,29.8,40.8,0.05,2.86,PUMP_2,DEMO DATA,2026-09-16T15:14:55.505574Z
21.7,80.0,58.3,3.65,82.1,60.4,compact,24.7,52.9,-0.35,1.32,PUMP_2,DEMO DATA,2026-09-16T17:08:55.505574Z
27.2,80.0,52.8,2.77,77.9,50.7,loose,30.2,42.2,-0.17,1.99,PUMP_2,DEMO DATA,2026-09-16T19:57:55.505574Z
31.7,80.0,48.3,2.69,81.1,49.4,loose,24.3,37.3,-0.28,3.72,PUMP_2,DEMO DATA,2026-09-16T22:21:55.505574Z
35.0,85.0,50.0,3.02,81.3,46.3,dry,28.6,62.1,-0.22,2.02,PUMP_2,DEMO DATA,2026-09-17T00:17:55.505574Z
45.7,80.0,34.3,2.26,81.0,35.3,dry,33.6,48.9,-0.18,1.29,PUMP_2,DEMO DATA,2026-09-17T03:30:55.505574Z
25.6,85.0,59.4,3.48,85.5,59.9,moderate,34.9,44.7,-0.33,1.98,PUMP_2,DEMO DATA,2026-09-17T05:32:55.505574Z
39.6,80.0,40.4,2.55,81.8,42.2,dry,29.3,56.5,-0.26,2.07,PUMP_2,DEMO DATA,2026-09-17T08:15:55.505574Z
21.4,85.0,63.6,4.08,85.7,64.3,compact,29.1,40.7,-0.29,2.88,PUMP_2,DEMO DATA,2026-09-17T10:23:55.505574Z
34.2,85.0,50.8,3.56,85.0,50.8,sandy,25.0,60.6,-0.22,2.59,PUMP_2,DEMO DATA,2026-09-17T12:19:55.505574Z
21.9,80.0,58.1,3.18,81.5,59.6,loose,33.9,51.1,-0.59,1.5,PUMP_2,DEMO DATA,2026-09-17T14:42:55.505574Z
41.9,80.0,38.1,2.43,79.3,37.4,dry,32.5,63.9,-0.31,1.25,PUMP_2,DEMO DATA,2026-09-17T17:17:55.505574Z
48.2,80.0,31.8,2.28,79.6,31.4,compact,31.5,47.3,-0.07,1.82,PUMP_2,DEMO DATA,2026-09-17T20:19:55.505574Z
33.4,75.0,41.6,2.53,74.7,41.3,dry,32.1,46.4,-0.21,1.64,PUMP_2,DEMO DATA,2026-09-17T22:43:55.505574Z
37.9,80.0,42.1,2.86,77.0,39.1,compact,31.7,59.3,-0.23,2.42,PUMP_2,DEMO DATA,2026-09-18T00:23:55.505574Z
18.8,85.0,66.2,3.72,88.2,69.4,moderate,34.5,61.8,-0.19,1.66,PUMP_2,DEMO DATA,2026-09-18T03:16:55.505574Z
38.7,75.0,36.3,2.43,77.6,38.9,dry,29.4,51.1,-0.08,1.95,PUMP_2,DEMO DATA,2026-09-18T05:20:55.505574Z
31.4,75.0,43.6,3.05,75.6,44.2,sandy,29.1,36.5,-0.14,1.54,PUMP_2,DEMO DATA,2026-09-18T08:18:55.505574Z
37.1,80.0,42.9,2.43,80.9,43.8,loose,33.7,35.6,-0.33,2.2,PUMP_2,DEMO DATA,2026-09-18T10:25:55.505574Z
28.1,75.0,46.9,2.67,74.1,46.0,moderate,32.4,53.9,-0.25,1.62,PUMP_2,DEMO DATA,2026-09-18T13:09:55.505574Z
40.0,80.0,40.0,2.27,78.4,38.4,moderate,27.6,61.0,-0.12,2.34,PUMP_2,DEMO DATA,2026-09-18T15:29:55.505574Z
34.1,80.0,45.9,2.66,81.7,47.6,moderate,24.9,43.4,-0.39,1.94,PUMP_2,DEMO DATA,2026-09-18T17:49:55.505574Z
41.8,85.0,43.2,2.67,83.2,41.4,moderate,30.9,53.1,-0.35,2.68,PUMP_2,DEMO DATA,2026-09-18T20:18:55.505574Z
28.5,80.0,51.5,2.96,84.5,56.0,loose,34.7,50.5,-0.0,2.25,PUMP_2,DEMO DATA,2026-09-18T21:47:55.505574Z
32.8,75.0,42.2,2.32,73.3,40.5,moderate,28.6,52.1,-0.23,2.69,PUMP_2,DEMO DATA,2026-09-19T00:57:55.505574Z
38.1,80.0,41.9,2.83,77.5,39.4,compact,31.6,37.5,-0.34,1.78,PUMP_2,DEMO DATA,2026-09-19T03:24:55.505574Z
27.7,90.0,62.3,3.3,89.8,62.1,loose,28.0,51.9,-0.44,1.26,PUMP_2,DEMO DATA,2026-09-19T05:49:55.505574Z
25.3,80.0,54.7,3.01,78.3,53.0,moderate,24.1,35.3,-0.2,2.6,PUMP_2,DEMO DATA,2026-09-19T07:39:55.505574Z
13.2,85.0,71.8,3.84,83.3,70.1,moderate,28.8,38.0,-0.21,1.86,PUMP_2,DEMO DATA,2026-09-19T10:36:55.505574Z
10.4,85.0,74.6,4.08,80.6,70.2,dry,29.9,59.6,-0.52,0.85,PUMP_2,DEMO DATA,2026-09-19T12:34:55.505574Z
34.7,80.0,45.3,2.82,80.8,46.1,dry,27.7,63.8,-0.34,1.38,PUMP_2,DEMO DATA,2026-09-19T15:28:55.505574Z
35.4,80.0,44.6,2.48,78.4,43.0,loose,29.5,47.9,-0.27,1.85,PUMP_2,DEMO DATA,2026-09-19T17:12:55.505574Z
29.8,85.0,55.2,3.14,86.1,56.3,moderate,32.0,58.8,-0.51,1.92,PUMP_2,DEMO DATA,2026-09-19T20:14:55.505574Z
39.6,85.0,45.4,2.52,83.5,43.9,loose,32.7,39.2,-0.25,1.68,PUMP_2,DEMO DATA,2026-09-19T22:08:55.505574Z
30.7,80.0,49.3,3.08,75.0,44.3,compact,24.5,39.3,-0.14,2.31,PUMP_2,DEMO DATA,2026-09-20T01:02:55.505574Z
44.9,85.0,40.1,2.39,84.5,39.6,moderate,32.3,50.0,-0.1,1.4,PUMP_2,DEMO DATA,2026-09-20T02:48:55.505574Z
45.9,85.0,39.1,2.55,82.5,36.6,dry,34.3,67.1,-0.35,0.7,PUMP_2,DEMO DATA,2026-09-20T05:40:55.505574Z
43.7,80.0,36.3,2.15,78.1,34.4,moderate,32.5,59.1,-0.42,1.67,PUMP_2,DEMO DATA,2026-09-20T07:47:55.505574Z
28.9,80.0,51.1,3.38,78.8,49.9,compact,24.3,57.6,-0.07,1.71,PUMP_2,DEMO DATA,2026-09-20T10:03:55.505574Z
24.9,80.0,55.1,3.17,77.4,52.5,dry,32.1,56.2,-0.25,1.97,PUMP_2,DEMO DATA,2026-09-20T12:59:55.505574Z
23.9,80.0,56.1,3.59,80.3,56.4,compact,24.3,52.7,-0.19,1.14,PUMP_2,DEMO DATA,2026-09-20T14:56:55.505574Z
28.4,75.0,46.6,3.26,75.2,46.8,sandy,33.1,51.0,-0.15,1.6,PUMP_2,DEMO DATA,2026-09-20T17:23:55.505574Z
43.7,90.0,46.3,3.42,88.3,44.6,sandy,27.5,68.6,-0.47,2.12,PUMP_2,DEMO DATA,2026-09-20T19:43:55.505574Z
11.6,80.0,68.4,3.87,82.0,70.4,dry,30.6,54.0,-0.52,1.47,PUMP_2,DEMO DATA,2026-09-20T21:53:55.505574Z
24.1,75.0,50.9,3.21,74.2,50.1,compact,28.1,44.5,-0.18,2.38,PUMP_2,DEMO DATA,2026-09-21T00:21:55.505574Z
13.8,75.0,61.2,3.73,71.4,57.6,sandy,29.3,56.9,-0.08,2.98,PUMP_2,DEMO DATA,2026-09-21T02:50:55.505574Z
19.7,80.0,60.3,3.47,77.9,58.2,dry,24.5,51.6,-0.21,1.96,PUMP_2,DEMO DATA,2026-09-21T05:04:55.505574Z
49.7,85.0,35.3,2.67,84.9,35.2,sandy,25.6,62.7,-0.16,1.58,PUMP_2,DEMO DATA,2026-09-21T07:49:55.505574Z
35.8,80.0,44.2,3.04,78.1,42.3,compact,34.4,55.6,-0.38,2.18,PUMP_2,DEMO DATA,2026-09-21T10:32:55.505574Z
24.7,80.0,55.3,3.66,81.7,57.0,compact,30.1,52.2,-0.26,1.97,PUMP_2,DEMO DATA,2026-09-21T12:37:55.505574Z
37.2,80.0,42.8,3.15,82.2,45.0,sandy,35.5,42.0,-0.28,1.72,PUMP_2,DEMO DATA,2026-09-21T15:06:55.505574Z
42.0,80.0,38.0,2.44,79.6,37.6,dry,31.5,67.4,-0.08,2.37,PUMP_2,DEMO DATA,2026-09-21T17:22:55.505574Z
24.3,80.0,55.7,3.77,79.0,54.7,sandy,28.3,63.2,-0.35,1.48,PUMP_2,DEMO DATA,2026-09-21T19:34:55.505574Z
40.6,75.0,34.4,2.36,74.7,34.1,compact,32.9,64.2,-0.13,2.25,PUMP_2,DEMO DATA,2026-09-21T21:48:55.505574Z
43.9,85.0,41.1,2.46,84.9,41.0,loose,31.4,38.1,-0.25,0.82,PUMP_2,DEMO DATA,2026-09-22T00:10:55.505574Z
15.7,75.0,59.3,3.68,73.1,57.4,sandy,28.2,38.9,-0.25,1.31,PUMP_2,DEMO DATA,2026-09-22T03:33:55.505574Z
38.6,75.0,36.4,2.66,75.0,36.4,sandy,24.9,49.1,-0.36,2.32,PUMP_2,DEMO DATA,2026-09-22T05:41:55.505574Z
25.7,85.0,59.3,3.32,81.1,55.4,moderate,28.9,66.7,-0.15,1.06,PUMP_2,DEMO DATA,2026-09-22T07:45:55.505574Z
32.6,80.0,47.4,2.66,80.5,47.9,loose,31.8,39.3,-0.1,3.11,PUMP_2,DEMO DATA,2026-09-22T09:50:55.505574Z
19.1,80.0,60.9,3.86,79.3,60.2,compact,24.9,58.9,-0.18,2.1,PUMP_2,DEMO DATA,2026-09-22T12:49:55.505574Z
42.6,75.0,32.4,2.51,76.1,33.5,compact,33.3,44.5,-0.25,2.0,PUMP_2,DEMO DATA,2026-09-22T15:16:55.505574Z
22.5,75.0,52.5,3.09,75.0,52.5,dry,33.0,46.1,-0.3,1.89,PUMP_2,DEMO DATA,2026-09-22T17:44:55.505574Z
40.3,80.0,39.7,2.65,79.8,39.5,compact,25.2,47.6,-0.32,2.42,PUMP_2,DEMO DATA,2026-09-22T19:54:55.505574Z
25.4,85.0,59.6,3.89,85.4,60.0,compact,29.2,66.8,-0.21,1.45,PUMP_2,DEMO DATA,2026-09-22T22:28:55.505574Z
10.0,80.0,70.0,3.52,80.9,70.9,loose,32.4,35.2,-0.37,1.91,PUMP_2,DEMO DATA,2026-09-23T00:30:55.505574Z
32.7,80.0,47.3,2.6,78.6,45.9,loose,35.4,59.6,-0.16,2.52,PUMP_2,DEMO DATA,2026-09-23T03:18:55.505574Z
30.6,90.0,59.4,3.91,87.0,56.4,compact,30.0,50.1,-0.28,0.96,PUMP_2,DEMO DATA,2026-09-23T05:33:55.505574Z
17.8,75.0,57.2,3.17,76.0,58.2,moderate,33.2,49.6,-0.16,1.12,PUMP_2,DEMO DATA,2026-09-23T07:34:55.505574Z
42.4,80.0,37.6,2.18,79.0,36.6,loose,32.1,56.3,-0.31,2.56,PUMP_2,DEMO DATA,2026-09-23T10:28:55.505574Z
40.1,80.0,39.9,2.22,79.4,39.3,loose,31.7,48.8,-0.3,2.16,PUMP_2,DEMO DATA,2026-09-23T12:53:55.505574Z
26.6,75.0,48.4,2.73,72.6,46.0,moderate,30.2,44.4,-0.42,1.67,PUMP_2,DEMO DATA,2026-09-23T15:13:55.505574Z
10.0,80.0,70.0,4.43,79.4,69.4,sandy,30.4,55.8,-0.25,2.13,PUMP_2,DEMO DATA,2026-09-23T17:17:55.505574Z
20.2,80.0,59.8,3.24,81.2,61.0,loose,33.3,53.2,-0.22,2.39,PUMP_2,DEMO DATA,2026-09-23T19:57:55.505574Z
24.6,80.0,55.4,3.27,80.4,55.8,dry,28.2,48.0,-0.22,1.95,PUMP_2,DEMO DATA,2026-09-23T22:05:55.505574Z
29.8,80.0,50.2,3.42,80.7,50.9,compact,27.6,37.3,-0.37,2.8,PUMP_2,DEMO DATA,2026-09-24T00:23:55.505574Z
30.9,80.0,49.1,2.66,80.4,49.5,loose,24.7,68.5,-0.44,1.43,PUMP_2,DEMO DATA,2026-09-24T03:24:55.505574Z
28.2,80.0,51.8,3.55,80.1,51.9,sandy,33.4,55.2,-0.31,1.02,PUMP_2,DEMO DATA,2026-09-24T05:36:55.505574Z
47.8,80.0,32.2,2.28,80.1,32.3,compact,27.1,47.1,-0.1,1.75,PUMP_2,DEMO DATA,2026-09-24T07:51:55.505574Z
28.8,75.0,46.2,2.49,73.8,45.0,loose,24.1,57.1,-0.27,1.82,PUMP_2,DEMO DATA,2026-09-24T10:14:55.505574Z
37.8,80.0,42.2,2.5,79.3,41.5,moderate,30.0,58.8,-0.28,2.62,PUMP_2,DEMO DATA,2026-09-24T12:42:55.505574Z
10.0,75.0,65.0,3.35,78.4,68.4,loose,26.0,50.6,-0.19,1.83,PUMP_2,DEMO DATA,2026-09-24T15:24:55.505574Z
35.3,80.0,44.7,2.65,79.4,44.1,moderate,29.2,55.8,-0.19,1.81,PUMP_2,DEMO DATA,2026-09-24T17:40:55.505574Z
35.3,80.0,44.7,2.65,79.4,44.1,moderate,,,-0.19,1.81,,DEMO DATA,
10.0,75.0,65.0,3.35,78.4,68.4,loose,,,-0.19,1.83,,DEMO DATA,
37.8,80.0,42.2,2.5,79.3,41.5,moderate,,,-0.28,2.62,,DEMO DATA,
28.8,75.0,46.2,2.49,73.8,45.0,loose,,,-0.27,1.82,,DEMO DATA,
47.8,80.0,32.2,2.28,80.1,32.3,compact,,,-0.1,1.75,,DEMO DATA,
28.2,80.0,51.8,3.55,80.1,51.9,sandy,,,-0.31,1.02,,DEMO DATA,
30.9,80.0,49.1,2.66,80.4,49.5,loose,,,-0.44,1.43,,DEMO DATA,
29.8,80.0,50.2,3.42,80.7,50.9,compact,,,-0.37,2.8,,DEMO DATA,
24.6,80.0,55.4,3.27,80.4,55.8,dry,,,-0.22,1.95,,DEMO DATA,
20.2,80.0,59.8,3.24,81.2,61.0,loose,,,-0.22,2.39,,DEMO DATA,
10.0,80.0,70.0,4.43,79.4,69.4,sandy,,,-0.25,2.13,,DEMO DATA,
26.6,75.0,48.4,2.73,72.6,46.0,moderate,,,-0.42,1.67,,DEMO DATA,
40.1,80.0,39.9,2.22,79.4,39.3,loose,,,-0.3,2.16,,DEMO DATA,
42.4,80.0,37.6,2.18,79.0,36.6,loose,,,-0.31,2.56,,DEMO DATA,
17.8,75.0,57.2,3.17,76.0,58.2,moderate,,,-0.16,1.12,,DEMO DATA,
30.6,90.0,59.4,3.91,87.0,56.4,compact,,,-0.28,0.96,,DEMO DATA,
32.7,80.0,47.3,2.6,78.6,45.9,loose,,,-0.16,2.52,,DEMO DATA,
10.0,80.0,70.0,3.52,80.9,70.9,loose,,,-0.37,1.91,,DEMO DATA,
25.4,85.0,59.6,3.89,85.4,60.0,compact,,,-0.21,1.45,,DEMO DATA,
40.3,80.0,39.7,2.65,79.8,39.5,compact,,,-0.32,2.42,,DEMO DATA,
22.5,75.0,52.5,3.09,75.0,52.5,dry,,,-0.3,1.89,,DEMO DATA,
42.6,75.0,32.4,2.51,76.1,33.5,compact,,,-0.25,2.0,,DEMO DATA,
19.1,80.0,60.9,3.86,79.3,60.2,compact,,,-0.18,2.1,,DEMO DATA,
32.6,80.0,47.4,2.66,80.5,47.9,loose,,,-0.1,3.11,,DEMO DATA,
25.7,85.0,59.3,3.32,81.1,55.4,moderate,,,-0.15,1.06,,DEMO DATA,
38.6,75.0,36.4,2.66,75.0,36.4,sandy,,,-0.36,2.32,,DEMO DATA,
15.7,75.0,59.3,3.68,73.1,57.4,sandy,,,-0.25,1.31,,DEMO DATA,
43.9,85.0,41.1,2.46,84.9,41.0,loose,,,-0.25,0.82,,DEMO DATA,
40.6,75.0,34.4,2.36,74.7,34.1,compact,,,-0.13,2.25,,DEMO DATA,
24.3,80.0,55.7,3.77,79.0,54.7,sandy,,,-0.35,1.48,,DEMO DATA,
42.0,80.0,38.0,2.44,79.6,37.6,dry,,,-0.08,2.37,,DEMO DATA,
37.2,80.0,42.8,3.15,82.2,45.0,sandy,,,-0.28,1.72,,DEMO DATA,
24.7,80.0,55.3,3.66,81.7,57.0,compact,,,-0.26,1.97,,DEMO DATA,
35.8,80.0,44.2,3.04,78.1,42.3,compact,,,-0.38,2.18,,DEMO DATA,
49.7,85.0,35.3,2.67,84.9,35.2,sandy,,,-0.16,1.58,,DEMO DATA,
19.7,80.0,60.3,3.47,77.9,58.2,dry,,,-0.21,1.96,,DEMO DATA,
13.8,75.0,61.2,3.73,71.4,57.6,sandy,,,-0.08,2.98,,DEMO DATA,
24.1,75.0,50.9,3.21,74.2,50.1,compact,,,-0.18,2.38,,DEMO DATA,
11.6,80.0,68.4,3.87,82.0,70.4,dry,,,-0.52,1.47,,DEMO DATA,
43.7,90.0,46.3,3.42,88.3,44.6,sandy,,,-0.47,2.12,,DEMO DATA,
28.4,75.0,46.6,3.26,75.2,46.8,sandy,,,-0.15,1.6,,DEMO DATA,
23.9,80.0,56.1,3.59,80.3,56.4,compact,,,-0.19,1.14,,DEMO DATA,
24.9,80.0,55.1,3.17,77.4,52.5,dry,,,-0.25,1.97,,DEMO DATA,
28.9,80.0,51.1,3.38,78.8,49.9,compact,,,-0.07,1.71,,DEMO DATA,
43.7,80.0,36.3,2.15,78.1,34.4,moderate,,,-0.42,1.67,,DEMO DATA,
45.9,85.0,39.1,2.55,82.5,36.6,dry,,,-0.35,0.7,,DEMO DATA,
44.9,85.0,40.1,2.39,84.5,39.6,moderate,,,-0.1,1.4,,DEMO DATA,
30.7,80.0,49.3,3.08,75.0,44.3,compact,,,-0.14,2.31,,DEMO DATA,
39.6,85.0,45.4,2.52,83.5,43.9,loose,,,-0.25,1.68,,DEMO DATA,
29.8,85.0,55.2,3.14,86.1,56.3,moderate,,,-0.51,1.92,,DEMO DATA,
35.4,80.0,44.6,2.48,78.4,43.0,loose,,,-0.27,1.85,,DEMO DATA,
34.7,80.0,45.3,2.82,80.8,46.1,dry,,,-0.34,1.38,,DEMO DATA,
10.4,85.0,74.6,4.08,80.6,70.2,dry,,,-0.52,0.85,,DEMO DATA,
13.2,85.0,71.8,3.84,83.3,70.1,moderate,,,-0.21,1.86,,DEMO DATA,
25.3,80.0,54.7,3.01,78.3,53.0,moderate,,,-0.2,2.6,,DEMO DATA,
27.7,90.0,62.3,3.3,89.8,62.1,loose,,,-0.44,1.26,,DEMO DATA,
38.1,80.0,41.9,2.83,77.5,39.4,compact,,,-0.34,1.78,,DEMO DATA,
32.8,75.0,42.2,2.32,73.3,40.5,moderate,,,-0.23,2.69,,DEMO DATA,
28.5,80.0,51.5,2.96,84.5,56.0,loose,,,-0.25,2.25,,DEMO DATA,
41.8,85.0,43.2,2.67,83.2,41.4,moderate,,,-0.35,2.68,,DEMO DATA,
34.1,80.0,45.9,2.66,81.7,47.6,moderate,,,-0.39,1.94,,DEMO DATA,
40.0,80.0,40.0,2.27,78.4,38.4,moderate,,,-0.12,2.34,,DEMO DATA,
28.1,75.0,46.9,2.67,74.1,46.0,moderate,,,-0.25,1.62,,DEMO DATA,
37.1,80.0,42.9,2.43,80.9,43.8,loose,,,-0.33,2.2,,DEMO DATA,
31.4,75.0,43.6,3.05,75.6,44.2,sandy,,,-0.14,1.54,,DEMO DATA,
38.7,75.0,36.3,2.43,77.6,38.9,dry,,,-0.08,1.95,,DEMO DATA,
18.8,85.0,66.2,3.72,88.2,69.4,moderate,,,-0.19,1.66,,DEMO DATA,
37.9,80.0,42.1,2.86,77.0,39.1,compact,,,-0.23,2.42,,DEMO DATA,
33.4,75.0,41.6,2.53,74.7,41.3,dry,,,-0.21,1.64,,DEMO DATA,
48.2,80.0,31.8,2.28,79.6,31.4,compact,,,-0.07,1.82,,DEMO DATA,
41.9,80.0,38.1,2.43,79.3,37.4,dry,,,-0.31,1.25,,DEMO DATA,
21.9,80.0,58.1,3.18,81.5,59.6,loose,,,-0.59,1.5,,DEMO DATA,
34.2,85.0,50.8,3.56,85.0,50.8,sandy,,,-0.22,2.59,,DEMO DATA,
21.4,85.0,63.6,4.08,85.7,64.3,compact,,,-0.29,2.88,,DEMO DATA,
39.6,80.0,40.4,2.55,81.8,42.2,dry,,,-0.26,2.07,,DEMO DATA,
25.6,85.0,59.4,3.48,85.5,59.9,moderate,,,-0.33,1.98,,DEMO DATA,
45.7,80.0,34.3,2.26,81.0,35.3,dry,,,-0.18,1.29,,DEMO DATA,
35.0,85.0,50.0,3.02,81.3,46.3,dry,,,-0.22,2.02,,DEMO DATA,
31.7,80.0,48.3,2.69,81.1,49.4,loose,,,-0.28,3.72,,DEMO DATA,
27.2,80.0,52.8,2.77,77.9,50.7,loose,,,-0.17,1.99,,DEMO DATA,
21.7,80.0,58.3,3.65,82.1,60.4,compact,,,-0.35,1.32,,DEMO DATA,
23.7,80.0,56.3,3.15,79.3,55.6,moderate,,,0.05,2.86,,DEMO DATA,
27.5,80.0,52.5,3.17,81.6,54.1,dry,,,-0.22,1.58,,DEMO DATA,
36.7,80.0,43.3,2.94,79.4,42.7,compact,,,-0.33,2.18,,DEMO DATA,
33.0,75.0,42.0,2.39,74.6,41.6,loose,,,-0.21,0.99,,DEMO DATA,
10.0,80.0,70.0,3.99,81.7,71.7,dry,,,-0.24,2.22,,DEMO DATA,
29.8,80.0,50.2,2.84,81.7,51.9,loose,,,-0.25,1.35,,DEMO DATA,
22.0,80.0,58.0,3.75,78.7,56.7,compact,,,-0.38,2.01,,DEMO DATA,
31.5,75.0,43.5,3.05,76.3,44.8,compact,,,-0.34,2.08,,DEMO DATA,
27.3,85.0,57.7,3.85,82.8,55.5,sandy,,,-0.04,1.13,,DEMO DATA,
20.3,75.0,54.7,3.43,72.3,52.0,compact,,,-0.2,1.71,,DEMO DATA,
29.7,85.0,55.3,3.72,81.8,52.1,sandy,,,-0.2,0.95,,DEMO DATA,
30.6,80.0,49.4,2.92,81.3,50.7,dry,,,-0.07,2.15,,DEMO DATA,
39.0,80.0,41.0,2.66,80.7,41.7,dry,,,-0.38,1.29,,DEMO DATA,
41.6,85.0,43.4,2.55,83.9,42.3,moderate,,,-0.28,1.53,,DEMO DATA,
26.5,80.0,53.5,3.34,86.6,60.1,dry,,,0.03,2.78,,DEMO DATA,
11.1,80.0,68.9,4.32,74.7,63.6,sandy,,,-0.48,2.56,,DEMO DATA,
24.2,90.0,65.8,4.46,89.9,65.7,sandy,,,-0.37,1.31,,DEMO DATA,
18.0,80.0,62.0,4.0,80.4,62.4,compact,,,-0.27,1.81,,DEMO DATA,
30.6,75.0,44.4,2.95,75.2,44.6,sandy,,,-0.31,1.96,,DEMO DATA,
42.8,80.0,37.2,2.21,81.5,38.7,loose,,,-0.06,2.2,,DEMO DATA,
36.0,85.0,49.0,3.25,84.9,48.9,compact,,,-0.14,3.18,,DEMO DATA,
23.9,80.0,56.1,3.23,83.0,59.1,moderate,,,-0.22,1.02,,DEMO DATA,
29.8,85.0,55.2,3.32,85.1,55.3,dry,,,-0.21,2.3,,DEMO DATA,
35.6,80.0,44.4,2.97,76.2,40.6,compact,,,0.06,1.14,,DEMO DATA,
25.6,90.0,64.4,4.26,92.5,66.9,compact,,,-0.16,1.29,,DEMO DATA,
45.1,80.0,34.9,2.24,82.3,37.2,moderate,,,-0.18,3.1,,DEMO DATA,
21.5,80.0,58.5,3.4,79.3,57.8,dry,,,-0.12,2.16,,DEMO DATA,
32.9,75.0,42.1,2.86,72.3,39.4,sandy,,,-0.07,1.41,,DEMO DATA,
45.0,75.0,30.0,1.89,77.3,32.3,loose,,,0.01,1.66,,DEMO DATA,
27.9,85.0,57.1,3.54,86.8,58.9,dry,,,-0.14,1.98,,DEMO DATA,
18.3,80.0,61.7,3.78,80.0,61.7,compact,,,-0.42,0.84,,DEMO DATA,
52.6,85.0,32.4,2.33,83.7,31.1,compact,,,-0.28,2.83,,DEMO DATA,
17.2,75.0,57.8,3.13,73.5,56.3,moderate,,,-0.25,0.62,,DEMO DATA,
20.3,80.0,59.7,3.78,74.8,54.5,compact,,,-0.33,2.04,,DEMO DATA,
41.5,80.0,38.5,2.56,78.1,36.6,compact,,,-0.1,1.5,,DEMO DATA,
24.9,75.0,50.1,3.27,75.2,50.3,compact,,,-0.18,2.51,,DEMO DATA,
29.9,75.0,45.1,3.28,75.9,46.0,sandy,,,-0.31,1.58,,DEMO DATA,
25.5,80.0,54.5,3.58,79.5,54.0,sandy,,,-0.02,2.53,,DEMO DATA,
32.1,80.0,47.9,2.79,79.0,46.9,dry,,,-0.24,0.72,,DEMO DATA,
33.7,85.0,51.3,3.12,86.3,52.6,dry,,,-0.04,2.13,,DEMO DATA,
25.3,75.0,49.7,3.43,74.6,49.3,sandy,,,-0.05,1.83,,DEMO DATA,
36.6,85.0,48.4,3.48,85.6,49.0,sandy,,,-0.21,1.99,,DEMO DATA,
21.0,80.0,59.0,3.25,77.4,56.4,dry,,,-0.25,1.57,,DEMO DATA,
37.8,80.0,42.2,2.42,77.3,39.5,moderate,,,-0.53,2.1,,DEMO DATA,
44.1,80.0,35.9,2.67,79.6,35.5,sandy,,,-0.2,2.1,,DEMO DATA,
32.8,80.0,47.2,2.86,82.4,49.6,moderate,,,-0.41,1.61,,DEMO DATA,
48.7,80.0,31.3,2.07,79.5,30.8,dry,,,-0.16,1.25,,DEMO DATA,
39.0,80.0,41.0,2.45,77.9,38.9,dry,,,-0.07,1.07,,DEMO DATA,
26.2,80.0,53.8,3.55,77.5,51.3,sandy,,,-0.24,1.43,,DEMO DATA,
43.0,90.0,47.0,2.75,93.2,50.2,loose,,,-0.31,1.68,,DEMO DATA,
31.1,90.0,58.9,3.74,90.7,59.6,dry,,,-0.54,2.39,,DEMO DATA,
36.5,75.0,38.5,2.66,78.7,42.2,compact,,,-0.33,0.98,,DEMO DATA,
25.3,80.0,54.7,3.71,81.1,55.8,sandy,,,-0.36,1.59,,DEMO DATA,
29.0,85.0,56.0,3.77,85.6,56.6,sandy,,,-0.29,2.55,,DEMO DATA,
33.2,85.0,51.8,3.1,86.5,53.3,moderate,,,-0.44,2.49,,DEMO DATA,
22.6,80.0,57.4,3.26,82.7,60.1,moderate,,,-0.23,1.54,,DEMO DATA,
22.2,80.0,57.8,3.05,82.8,60.6,loose,,,-0.22,1.9,,DEMO DATA,
22.2,80.0,57.8,3.96,78.3,56.1,sandy,,,-0.4,2.36,,DEMO DATA,
33.0,75.0,42.0,2.35,74.8,41.8,loose,,,-0.39,1.28,,DEMO DATA,
13.8,80.0,66.2,3.43,82.7,68.9,loose,,,-0.14,1.97,,DEMO DATA,
41.8,80.0,38.2,2.18,78.3,36.5,loose,,,-0.48,2.67,,DEMO DATA,
47.5,80.0,32.5,2.05,83.3,35.8,loose,,,-0.35,3.15,,DEMO DATA,
29.0,85.0,56.0,3.44,84.6,55.6,dry,,,-0.5,1.27,,DEMO DATA,
46.4,80.0,33.6,2.1,80.3,33.9,loose,,,-0.16,2.22,,DEMO DATA,
35.0,90.0,55.0,2.97,90.4,55.4,loose,,,-0.29,2.0,,DEMO DATA,
32.7,85.0,52.3,2.96,84.1,51.4,loose,,,-0.25,1.11,,DEMO DATA,
40.7,85.0,44.3,2.73,86.9,46.2,moderate,,,-0.2,1.53,,DEMO DATA,
38.4,80.0,41.6,2.6,81.5,43.1,dry,,,-0.28,1.93,,DEMO DATA,
41.2,80.0,38.8,2.85,79.3,38.1,sandy,,,-0.19,1.24,,DEMO DATA,
26.5,75.0,48.5,2.95,75.9,49.4,dry,,,-0.24,0.6,,DEMO DATA,
28.8,85.0,56.2,4.06,86.8,58.0,sandy,,,-0.19,1.6,,DEMO DATA,
34.5,85.0,50.5,3.23,88.3,53.8,dry,,,-0.3,1.59,,DEMO DATA,
19.1,80.0,60.9,3.23,78.9,59.8,loose,,,-0.29,0.54,,DEMO DATA,
31.5,85.0,53.5,3.19,83.8,52.3,moderate,,,-0.3,1.13,,DEMO DATA,
25.7,80.0,54.3,3.13,81.0,55.3,moderate,,,-0.29,0.81,,DEMO DATA,
49.8,85.0,35.2,2.76,84.0,34.2,sandy,,,-0.03,2.63,,DEMO DATA,
27.2,80.0,52.8,3.11,79.6,52.4,moderate,,,0.05,1.74,,DEMO DATA,
37.6,80.0,42.4,2.6,77.6,40.0,dry,,,-0.19,2.19,,DEMO DATA,
37.2,80.0,42.8,2.88,78.1,40.9,compact,,,-0.14,1.12,,DEMO DATA,
45.2,80.0,34.8,1.99,78.6,33.4,loose,,,-0.3,2.05,,DEMO DATA,
41.0,80.0,39.0,2.56,81.0,40.0,dry,,,-0.11,1.68,,DEMO DATA,
24.0,80.0,56.0,3.25,79.0,55.0,dry,,,-0.15,2.04,,DEMO DATA,
22.0,80.0,58.0,3.05,78.6,56.6,loose,,,-0.32,1.97,,DEMO DATA,
31.8,80.0,48.2,2.68,77.4,45.6,loose,,,-0.29,1.39,,DEMO DATA,
39.9,80.0,40.1,2.3,80.3,40.4,loose,,,-0.31,3.24,,DEMO DATA,
42.0,80.0,38.0,2.36,76.8,34.8,dry,,,-0.49,2.26,,DEMO DATA,
25.2,80.0,54.8,3.07,79.9,54.7,loose,,,-0.17,1.42,,DEMO DATA,
39.2,85.0,45.8,2.65,86.3,47.1,loose,,,-0.26,2.66,,DEMO DATA,
19.5,85.0,65.5,3.53,87.8,68.3,loose,,,-0.28,2.22,,DEMO DATA,
38.3,80.0,41.7,2.98,80.3,42.0,sandy,,,-0.29,2.01,,DEMO DATA,
21.8,75.0,53.2,3.62,75.5,53.7,sandy,,,-0.42,1.73,,DEMO DATA,
11.6,80.0,68.4,3.35,73.3,61.7,loose,,,-0.18,1.5,,DEMO DATA,
33.3,80.0,46.7,3.09,79.6,46.3,compact,,,-0.33,1.72,,DEMO DATA,
17.6,85.0,67.4,4.32,84.9,67.3,sandy,,,-0.09,1.18,,DEMO DATA,
38.5,80.0,41.5,3.0,83.3,44.8,compact,,,-0.24,2.53,,DEMO DATA,
36.9,85.0,48.1,3.05,85.4,48.5,dry,,,-0.45,2.25,,DEMO DATA,
45.8,80.0,34.2,2.3,80.3,34.5,dry,,,-0.38,1.39,,DEMO DATA,
36.6,85.0,48.4,3.11,86.8,50.2,dry,,,-0.09,2.5,,DEMO DATA,
31.8,80.0,48.2,3.04,83.5,51.7,dry,,,-0.42,0.82,,DEMO DATA,
33.0,80.0,47.0,2.73,82.5,49.5,moderate,,,-0.33,1.93,,DEMO DATA,
47.5,75.0,27.5,1.88,77.7,30.2,moderate,,,-0.09,1.29,,DEMO DATA,
20.3,80.0,59.7,3.93,80.5,60.2,sandy,,,-0.22,0.89,,DEMO DATA,
25.6,80.0,54.4,3.45,78.5,52.9,compact,,,-0.28,1.58,,DEMO DATA,
25.4,80.0,54.6,3.14,81.1,55.7,moderate,,,-0.21,3.27,,DEMO DATA,
47.5,80.0,32.5,2.08,78.6,31.1,dry,,,-0.37,3.19,,DEMO DATA,
39.9,75.0,35.1,2.45,73.1,33.2,sandy,,,-0.26,1.94,,DEMO DATA,
55.0,85.0,30.0,2.24,83.1,28.1,compact,,,-0.51,1.28,,DEMO DATA,
42.4,80.0,37.6,2.67,81.2,38.8,compact,,,-0.33,2.65,,DEMO DATA,
34.2,80.0,45.8,2.67,80.0,45.8,moderate,,,-0.54,1.41,,DEMO DATA,
31.2,85.0,53.8,3.72,84.3,53.1,sandy,,,-0.32,1.61,,DEMO DATA,
36.3,80.0,43.7,2.61,80.9,44.6,moderate,,,-0.28,2.48,,DEMO DATA,
33.2,80.0,46.8,3.38,81.6,48.4,sandy,,,-0.26,0.8,,DEMO DATA,
24.7,85.0,60.3,4.0,82.3,57.6,sandy,,,-0.28,2.44,,DEMO DATA,
31.5,80.0,48.5,2.84,82.3,50.8,moderate,,,-0.16,0.86,,DEMO DATA,
57.6,80.0,22.4,1.4,79.9,22.3,loose,,,-0.3,2.99,,DEMO DATA,
14.5,80.0,65.5,3.47,80.1,65.6,moderate,,,-0.34,1.87,,DEMO DATA,
33.9,80.0,46.1,3.17,81.0,47.1,sandy,,,-0.38,2.14,,DEMO DATA,
37.1,85.0,47.9,2.93,84.2,47.1,dry,,,-0.17,1.36,,DEMO DATA,
36.1,80.0,43.9,2.36,79.7,43.6,loose,,,-0.01,1.2,,DEMO DATA,
27.8,85.0,57.2,3.43,83.0,55.2,dry,,,-0.22,1.21,,DEMO DATA,
33.1,80.0,46.9,3.25,83.2,50.1,sandy,,,-0.15,1.43,,DEMO DATA,
10.3,80.0,69.7,3.8,80.1,69.8,dry,,,-0.26,2.46,,DEMO DATA,
26.8,80.0,53.2,3.54,82.5,55.7,compact,,,-0.46,2.55,,DEMO DATA,
22.6,85.0,62.4,3.96,83.0,60.4,compact,,,-0.11,1.69,,DEMO DATA,
29.6,80.0,50.4,3.04,81.9,52.3,dry,,,-0.4,1.41,,DEMO DATA,
24.7,80.0,55.3,3.48,80.2,55.5,compact,,,-0.43,2.23,,DEMO DATA,
20.9,75.0,54.1,3.25,77.4,56.5,dry,,,-0.25,1.38,,DEMO DATA,
10.0,80.0,70.0,4.39,78.8,68.8,sandy,,,-0.46,1.33,,DEMO DATA,
34.0,80.0,46.0,2.66,83.3,49.3,moderate,,,-0.42,2.63,,DEMO DATA,
37.2,90.0,52.8,3.78,93.1,55.9,compact,,,-0.25,1.79,,DEMO DATA,
29.5,80.0,50.5,2.87,81.2,51.7,moderate,,,-0.53,1.19,,DEMO DATA,
10.0,85.0,75.0,4.7,88.3,78.3,sandy,,,-0.29,0.9,,DEMO DATA,
32.6,80.0,47.4,3.25,82.8,50.2,compact,,,-0.34,2.31,,DEMO DATA,
36.4,80.0,43.6,2.85,81.4,45.0,dry,,,-0.4,1.72,,DEMO DATA,
56.5,75.0,18.5,1.23,76.1,19.6,moderate,,,-0.16,1.93,,DEMO DATA,
26.9,85.0,58.1,3.85,85.7,58.8,compact,,,-0.21,1.12,,DEMO DATA,
39.6,80.0,40.4,2.49,76.9,37.3,dry,,,-0.21,1.16,,DEMO DATA,
36.0,85.0,49.0,2.86,83.2,47.2,moderate,,,-0.32,2.03,,DEMO DATA,
38.3,85.0,46.7,3.42,86.0,47.7,compact,,,-0.37,2.71,,DEMO DATA,
40.2,80.0,39.8,2.68,79.7,39.5,compact,,,-0.2,1.55,,DEMO DATA,
11.6,80.0,68.4,4.07,75.5,63.9,compact,,,-0.25,1.66,,DEMO DATA,
28.8,85.0,56.2,3.95,85.5,56.7,sandy,,,-0.07,1.56,,DEMO DATA,
32.9,80.0,47.1,2.9,78.9,46.0,dry,,,-0.16,1.61,,DEMO DATA,
39.7,80.0,40.3,2.59,80.5,40.8,dry,,,-0.19,1.44,,DEMO DATA,
23.4,75.0,51.6,3.33,73.5,50.1,compact,,,-0.14,2.46,,DEMO DATA,
28.9,80.0,51.1,2.76,78.1,49.2,loose,,,-0.35,1.83,,DEMO DATA,
15.3,80.0,64.7,3.33,81.5,66.2,loose,,,-0.66,1.52,,DEMO DATA,
31.2,85.0,53.8,3.34,84.1,52.9,dry,,,-0.24,2.25,,DEMO DATA,
26.1,80.0,53.9,2.86,74.8,48.7,loose,,,-0.15,2.03,,DEMO DATA,
25.3,80.0,54.7,2.98,78.8,53.5,moderate,,,-0.35,1.51,,DEMO DATA,
31.9,75.0,43.1,2.75,76.4,44.5,dry,,,-0.01,1.57,,DEMO DATA,
23.0,80.0,57.0,3.24,77.3,54.3,dry,,,-0.25,2.33,,DEMO DATA,
37.8,80.0,42.2,2.42,82.4,44.6,loose,,,-0.62,1.31,,DEMO DATA,
37.8,80.0,42.2,2.39,79.7,41.9,moderate,,,-0.25,1.65,,DEMO DATA,
25.0,85.0,60.0,3.95,86.8,61.8,compact,,,-0.34,1.36,,DEMO DATA,
26.4,75.0,48.6,3.22,72.6,46.2,sandy,,,0.04,1.82,,DEMO DATA,
26.9,85.0,58.1,3.87,83.0,56.1,sandy,,,-0.32,1.31,,DEMO DATA,
15.4,90.0,74.6,4.52,89.7,74.3,compact,,,-0.2,1.24,,DEMO DATA,
47.0,80.0,33.0,2.48,80.0,33.0,sandy,,,-0.13,1.63,,DEMO DATA,
28.6,75.0,46.4,2.55,70.7,42.1,moderate,,,-0.29,2.23,,DEMO DATA,
29.5,75.0,45.5,3.04,78.3,48.8,compact,,,-0.12,1.54,,DEMO DATA,
29.0,80.0,51.0,2.87,81.8,52.8,loose,,,0.06,2.85,,DEMO DATA,
21.3,90.0,68.7,3.61,91.9,70.6,loose,,,-0.02,1.3,,DEMO DATA,
31.4,85.0,53.6,3.6,85.0,53.6,compact,,,-0.32,2.17,,DEMO DATA,
14.9,90.0,75.1,5.01,86.0,71.1,sandy,,,-0.39,1.73,,DEMO DATA,
41.7,80.0,38.3,2.25,80.3,38.6,moderate,,,-0.07,1.52,,DEMO DATA,
10.8,80.0,69.2,4.12,75.4,64.6,compact,,,-0.2,2.14,,DEMO DATA,
50.2,85.0,34.8,2.68,86.6,36.4,compact,,,-0.38,1.44,,DEMO DATA,
33.0,90.0,57.0,3.43,88.2,55.2,dry,,,0.03,2.52,,DEMO DATA,
39.7,80.0,40.3,2.64,80.4,40.7,dry,,,-0.22,1.81,,DEMO DATA,
40.6,75.0,34.4,2.38,74.1,33.5,compact,,,-0.26,2.56,,DEMO DATA,
27.2,85.0,57.8,3.94,83.8,56.6,sandy,,,-0.2,2.69,,DEMO DATA,
23.8,75.0,51.2,3.33,76.1,52.3,compact,,,-0.12,2.49,,DEMO DATA,
31.9,80.0,48.1,2.58,78.3,46.4,loose,,,-0.19,1.46,,DEMO DATA,
23.8,80.0,56.2,3.3,84.5,60.7,moderate,,,-0.15,1.38,,DEMO DATA,
41.3,85.0,43.7,2.66,85.2,43.9,moderate,,,-0.24,2.16,,DEMO DATA,
37.5,85.0,47.5,2.95,84.2,46.7,dry,,,-0.21,1.81,,DEMO DATA,
40.8,80.0,39.2,2.75,80.2,39.4,compact,,,-0.06,1.45,,DEMO DATA,
26.1,75.0,48.9,2.85,76.7,50.6,moderate,,,-0.16,1.42,,DEMO DATA,
53.1,80.0,26.9,2.04,79.8,26.7,compact,,,-0.28,1.5,,DEMO DATA,
34.0,75.0,41.0,2.72,72.0,38.0,compact,,,-0.06,1.43,,DEMO DATA,
45.2,75.0,29.8,2.2,76.3,31.1,compact,,,-0.4,2.08,,DEMO DATA,
22.7,80.0,57.3,3.34,76.4,53.7,dry,,,-0.45,2.73,,DEMO DATA,
48.5,80.0,31.5,2.08,81.0,32.5,moderate,,,-0.18,2.26,,DEMO DATA,
20.0,80.0,60.0,3.74,81.2,61.2,compact,,,-0.06,2.03,,DEMO DATA,
36.4,80.0,43.6,2.54,78.7,42.3,moderate,,,-0.17,2.32,,DEMO DATA,
24.7,75.0,50.3,2.99,77.4,52.7,dry,,,-0.13,1.81,,DEMO DATA,
32.8,75.0,42.2,2.49,73.7,40.9,moderate,,,-0.36,2.21,,DEMO DATA,
24.3,80.0,55.7,3.52,76.7,52.4,compact,,,-0.2,1.55,,DEMO DATA,
40.7,80.0,39.3,2.95,81.8,41.1,sandy,,,-0.3,2.26,,DEMO DATA,
42.8,80.0,37.2,2.79,81.4,38.6,sandy,,,-0.21,1.81,,DEMO DATA,
49.6,75.0,25.4,1.53,74.1,24.5,loose,,,-0.2,2.14,,DEMO DATA,
23.5,85.0,61.5,3.47,84.2,60.7,dry,,,-0.24,2.18,,DEMO DATA,
30.6,80.0,49.4,2.73,80.8,50.2,loose,,,-0.18,1.76,,DEMO DATA,
32.1,80.0,47.9,3.04,80.5,48.4,dry,,,-0.1,1.83,,DEMO DATA,
33.5,80.0,46.5,3.1,80.4,46.9,compact,,,-0.21,2.3,,DEMO DATA,
22.3,80.0,57.7,3.78,81.7,59.4,compact,,,-0.11,1.28,,DEMO DATA,
40.5,75.0,34.5,2.31,77.9,37.4,dry,,,-0.43,2.19,,DEMO DATA,
19.6,80.0,60.4,3.42,79.2,59.6,dry,,,-0.07,1.94,,DEMO DATA,
37.6,80.0,42.4,2.81,78.4,40.8,compact,,,-0.21,2.27,,DEMO DATA,
21.4,80.0,58.6,3.27,80.0,58.6,moderate,,,-0.38,1.59,,DEMO DATA,
32.8,85.0,52.2,3.49,84.4,51.6,compact,,,-0.48,1.84,,DEMO DATA,
43.4,80.0,36.6,2.21,82.7,39.3,loose,,,-0.04,1.27,,DEMO DATA,
22.1,75.0,52.9,2.93,75.2,53.1,moderate,,,-0.26,1.1,,DEMO DATA,
30.4,80.0,49.6,3.05,80.5,50.1,dry,,,-0.5,1.16,,DEMO DATA,
29.1,85.0,55.9,3.67,82.6,53.5,sandy,,,-0.3,1.32,,DEMO DATA,
33.0,85.0,52.0,3.15,85.9,52.9,moderate,,,-0.31,2.56,,DEMO DATA,
39.4,75.0,35.6,2.62,76.3,36.9,sandy,,,-0.33,2.11,,DEMO DATA,
32.9,80.0,47.1,3.27,78.9,46.0,sandy,,,-0.47,1.33,,DEMO DATA,
31.2,80.0,48.8,3.41,82.2,51.0,sandy,,,-0.64,2.29,,DEMO DATA,
27.2,80.0,52.8,2.97,81.1,53.9,moderate,,,-0.21,1.18,,DEMO DATA,
40.9,80.0,39.1,2.44,78.6,37.7,dry,,,-0.2,2.39,,DEMO DATA,
17.2,85.0,67.8,3.8,81.8,64.6,dry,,,-0.23,2.15,,DEMO DATA,
43.9,80.0,36.1,2.76,81.0,37.1,sandy,,,-0.27,1.62,,DEMO DATA,
31.9,75.0,43.1,2.95,72.1,40.2,sandy,,,-0.09,3.47,,DEMO DATA,
26.8,80.0,53.2,3.08,78.7,51.9,dry,,,-0.34,2.91,,DEMO DATA,
22.9,80.0,57.1,3.1,82.3,59.4,moderate,,,-0.19,1.87,,DEMO DATA,
26.7,80.0,53.3,3.32,77.1,50.4,compact,,,-0.4,1.99,,DEMO DATA,
37.0,80.0,43.0,2.68,80.2,43.2,dry,,,-0.1,1.45,,DEMO DATA,
